FULL NAME,EMAIL ADDRESS,PHONE NUMBER
 Moubarack Bouba,bouba@handsinhands.org,655549848
 Gedeon Mouafo,gedeon@handsinhands.org,691862496
 Abdoul  Aziz,aziz@handsinhands.org,658749221
 Dave Mpele,david@handsinhands.org,685429874
 Langmi Prosper,prosper@handsinhands.org,698745230
 Andre Ducas,ducas@handsinhands.org,695280143
 Foncam Joseph,joseph@handsinhands.org,658402069
 Vladimir Poutine,poutine@handsinhands.org,620587469
 Joe Biden,biden@handsinhands.org,652048912
 Biya Jean Paul,paul@handsinhands.org,689520147
 Yasser Arafat,yasser@handsinhands.org,627841256
 Mahammar Hamadou,hamadou@handsinhands.org,692569696
 Mvondo Cynthia,cynthia@handsinhands.org,695859222
 Orphanie Angele,angele@handsinhands.org,620222354
 Boubakari Alfa,Alfa@handsinhands.org,656884651
